# Rectangular patch on FINITE square ground plane 133 x 133 mm (1.00 lambda), zero thickness, patch centred
# f=2.25 GHz, er=3.55, h=1.524 mm, W=44.17 mm, L=34.96 mm, radiation efficiency 0.9
# Method: cavity-model slots + UTD edge diffraction (equivalent edge currents on all 4 edges, incl. edge-to-edge double diffraction); total power (co+cross)
# theta from broadside (0=zenith, +-180=directly behind); elevation = 90-|theta| (negative = below ground-plane horizon). Model peak gain 7.67 dBi. Normalized floor -40 dB
# Gain columns rescaled by -1.667 dB so peak = 6.00 dBi (pattern shape unchanged; normalized columns unchanged). Floor = 6 - 40 = -34 dBi where model was clipped
theta_deg,elevation_deg,E_plane_phi0_gain_dBi,H_plane_phi90_gain_dBi,E_plane_norm_dB,H_plane_norm_dB
-180,-90,-10.357,-10.357,-16.357,-16.357
-179,-89,-10.370,-10.361,-16.370,-16.361
-178,-88,-10.410,-10.374,-16.410,-16.374
-177,-87,-10.476,-10.396,-16.476,-16.396
-176,-86,-10.570,-10.426,-16.570,-16.426
-175,-85,-10.691,-10.464,-16.691,-16.464
-174,-84,-10.840,-10.511,-16.840,-16.511
-173,-83,-11.018,-10.567,-17.018,-16.567
-172,-82,-11.226,-10.631,-17.226,-16.631
-171,-81,-11.465,-10.703,-17.465,-16.703
-170,-80,-11.736,-10.783,-17.736,-16.783
-169,-79,-12.042,-10.872,-18.042,-16.872
-168,-78,-12.383,-10.969,-18.383,-16.969
-167,-77,-12.763,-11.074,-18.763,-17.074
-166,-76,-13.184,-11.187,-19.184,-17.187
-165,-75,-13.650,-11.308,-19.650,-17.308
-164,-74,-14.163,-11.436,-20.163,-17.436
-163,-73,-14.729,-11.572,-20.729,-17.572
-162,-72,-15.352,-11.716,-21.352,-17.716
-161,-71,-16.037,-11.867,-22.037,-17.867
-160,-70,-16.792,-12.025,-22.792,-18.025
-159,-69,-17.621,-12.190,-23.621,-18.190
-158,-68,-18.529,-12.363,-24.529,-18.363
-157,-67,-19.516,-12.542,-25.516,-18.542
-156,-66,-20.571,-12.727,-26.571,-18.727
-155,-65,-21.659,-12.919,-27.659,-18.919
-154,-64,-22.701,-13.117,-28.701,-19.117
-153,-63,-23.552,-13.322,-29.552,-19.322
-152,-62,-24.014,-13.532,-30.014,-19.532
-151,-61,-23.941,-13.747,-29.941,-19.747
-150,-60,-23.359,-13.968,-29.359,-19.968
-149,-59,-22.444,-14.194,-28.444,-20.194
-148,-58,-21.384,-14.426,-27.384,-20.426
-147,-57,-20.305,-14.662,-26.305,-20.662
-146,-56,-19.270,-14.902,-25.270,-20.902
-145,-55,-18.306,-15.147,-24.306,-21.147
-144,-54,-17.418,-15.396,-23.418,-21.396
-143,-53,-16.606,-15.649,-22.606,-21.649
-142,-52,-15.862,-15.906,-21.862,-21.906
-141,-51,-15.182,-16.166,-21.182,-22.166
-140,-50,-14.559,-16.430,-20.559,-22.430
-139,-49,-13.987,-16.697,-19.987,-22.697
-138,-48,-13.460,-16.967,-19.460,-22.967
-137,-47,-12.975,-17.240,-18.975,-23.240
-136,-46,-12.526,-17.516,-18.526,-23.516
-135,-45,-12.112,-17.795,-18.112,-23.795
-134,-44,-11.727,-18.077,-17.727,-24.077
-133,-43,-11.370,-18.361,-17.370,-24.361
-132,-42,-11.039,-18.648,-17.039,-24.648
-131,-41,-10.730,-18.939,-16.730,-24.939
-130,-40,-10.443,-19.232,-16.443,-25.232
-129,-39,-10.175,-19.528,-16.175,-25.528
-128,-38,-9.924,-19.827,-15.924,-25.827
-127,-37,-9.690,-20.130,-15.690,-26.130
-126,-36,-9.472,-20.437,-15.472,-26.437
-125,-35,-9.267,-20.747,-15.267,-26.747
-124,-34,-9.074,-21.062,-15.074,-27.062
-123,-33,-8.894,-21.382,-14.894,-27.382
-122,-32,-8.724,-21.707,-14.724,-27.707
-121,-31,-8.564,-22.038,-14.564,-28.038
-120,-30,-8.414,-22.374,-14.414,-28.374
-119,-29,-8.271,-22.718,-14.271,-28.718
-118,-28,-8.136,-23.070,-14.136,-29.070
-117,-27,-8.008,-23.430,-14.008,-29.430
-116,-26,-7.885,-23.800,-13.885,-29.800
-115,-25,-7.769,-24.180,-13.769,-30.180
-114,-24,-7.657,-24.571,-13.657,-30.571
-113,-23,-7.549,-24.976,-13.549,-30.976
-112,-22,-7.445,-25.394,-13.445,-31.394
-111,-21,-7.345,-25.829,-13.345,-31.829
-110,-20,-7.247,-26.281,-13.247,-32.281
-109,-19,-7.151,-26.753,-13.151,-32.753
-108,-18,-7.057,-27.247,-13.057,-33.247
-107,-17,-6.965,-27.766,-12.965,-33.766
-106,-16,-6.873,-28.314,-12.873,-34.314
-105,-15,-6.782,-28.894,-12.782,-34.894
-104,-14,-6.691,-29.511,-12.691,-35.511
-103,-13,-6.601,-30.171,-12.601,-36.171
-102,-12,-6.509,-30.881,-12.509,-36.881
-101,-11,-6.417,-31.650,-12.417,-37.650
-100,-10,-6.324,-32.490,-12.324,-38.490
-99,-9,-6.230,-33.416,-12.230,-39.416
-98,-8,-6.134,-34.000,-12.134,-40.000
-97,-7,-6.036,-34.000,-12.036,-40.000
-96,-6,-5.936,-34.000,-11.936,-40.000
-95,-5,-5.835,-34.000,-11.835,-40.000
-94,-4,-5.731,-34.000,-11.731,-40.000
-93,-3,-5.625,-34.000,-11.625,-40.000
-92,-2,-5.516,-34.000,-11.516,-40.000
-91,-1,-5.404,-34.000,-11.404,-40.000
-90,0,-3.884,-34.000,-9.884,-40.000
-89,1,-4.208,-31.737,-10.208,-37.737
-88,2,-4.166,-25.716,-10.166,-31.716
-87,3,-4.119,-22.192,-10.119,-28.192
-86,4,-4.068,-19.692,-10.068,-25.692
-85,5,-4.013,-17.751,-10.013,-23.751
-84,6,-3.953,-16.164,-9.953,-22.164
-83,7,-3.889,-14.821,-9.889,-20.821
-82,8,-3.821,-13.657,-9.821,-19.657
-81,9,-3.748,-12.629,-9.748,-18.629
-80,10,-3.670,-11.709,-9.670,-17.709
-79,11,-3.588,-10.875,-9.588,-16.875
-78,12,-3.501,-10.113,-9.501,-16.113
-77,13,-3.410,-9.411,-9.410,-15.411
-76,14,-3.314,-8.760,-9.314,-14.760
-75,15,-3.213,-8.153,-9.213,-14.153
-74,16,-3.108,-7.584,-9.108,-13.584
-73,17,-2.999,-7.049,-8.999,-13.049
-72,18,-2.885,-6.544,-8.885,-12.544
-71,19,-2.767,-6.065,-8.767,-12.065
-70,20,-2.645,-5.610,-8.645,-11.610
-69,21,-2.519,-5.177,-8.519,-11.177
-68,22,-2.390,-4.763,-8.390,-10.763
-67,23,-2.256,-4.367,-8.256,-10.367
-66,24,-2.119,-3.987,-8.119,-9.987
-65,25,-1.979,-3.622,-7.979,-9.622
-64,26,-1.835,-3.270,-7.835,-9.270
-63,27,-1.688,-2.932,-7.688,-8.932
-62,28,-1.539,-2.605,-7.539,-8.605
-61,29,-1.386,-2.290,-7.386,-8.290
-60,30,-1.231,-1.985,-7.231,-7.985
-59,31,-1.074,-1.690,-7.074,-7.690
-58,32,-0.914,-1.404,-6.914,-7.404
-57,33,-0.753,-1.126,-6.753,-7.126
-56,34,-0.590,-0.857,-6.590,-6.857
-55,35,-0.425,-0.596,-6.425,-6.596
-54,36,-0.259,-0.342,-6.259,-6.342
-53,37,-0.091,-0.095,-6.091,-6.095
-52,38,0.077,0.145,-5.923,-5.855
-51,39,0.247,0.379,-5.753,-5.621
-50,40,0.417,0.606,-5.583,-5.394
-49,41,0.587,0.827,-5.413,-5.173
-48,42,0.758,1.043,-5.242,-4.957
-47,43,0.929,1.252,-5.071,-4.748
-46,44,1.099,1.457,-4.901,-4.543
-45,45,1.270,1.656,-4.730,-4.344
-44,46,1.440,1.850,-4.560,-4.150
-43,47,1.609,2.038,-4.391,-3.962
-42,48,1.777,2.222,-4.223,-3.778
-41,49,1.944,2.401,-4.056,-3.599
-40,50,2.110,2.575,-3.890,-3.425
-39,51,2.275,2.745,-3.725,-3.255
-38,52,2.438,2.910,-3.562,-3.090
-37,53,2.599,3.070,-3.401,-2.930
-36,54,2.759,3.226,-3.241,-2.774
-35,55,2.916,3.378,-3.084,-2.622
-34,56,3.071,3.525,-2.929,-2.475
-33,57,3.224,3.668,-2.776,-2.332
-32,58,3.374,3.806,-2.626,-2.194
-31,59,3.521,3.940,-2.479,-2.060
-30,60,3.665,4.070,-2.335,-1.930
-29,61,3.806,4.196,-2.194,-1.804
-28,62,3.944,4.317,-2.056,-1.683
-27,63,4.079,4.435,-1.921,-1.565
-26,64,4.209,4.548,-1.791,-1.452
-25,65,4.337,4.656,-1.663,-1.344
-24,66,4.460,4.761,-1.540,-1.239
-23,67,4.580,4.862,-1.420,-1.138
-22,68,4.695,4.958,-1.305,-1.042
-21,69,4.806,5.050,-1.194,-0.950
-20,70,4.913,5.138,-1.087,-0.862
-19,71,5.016,5.221,-0.984,-0.779
-18,72,5.114,5.301,-0.886,-0.699
-17,73,5.207,5.376,-0.793,-0.624
-16,74,5.295,5.447,-0.705,-0.553
-15,75,5.379,5.514,-0.621,-0.486
-14,76,5.457,5.576,-0.543,-0.424
-13,77,5.531,5.634,-0.469,-0.366
-12,78,5.600,5.688,-0.400,-0.312
-11,79,5.663,5.738,-0.337,-0.262
-10,80,5.721,5.783,-0.279,-0.217
-9,81,5.773,5.824,-0.227,-0.176
-8,82,5.821,5.861,-0.179,-0.139
-7,83,5.863,5.894,-0.137,-0.106
-6,84,5.899,5.922,-0.101,-0.078
-5,85,5.930,5.946,-0.070,-0.054
-4,86,5.955,5.965,-0.045,-0.035
-3,87,5.975,5.980,-0.025,-0.020
-2,88,5.989,5.991,-0.011,-0.009
-1,89,5.997,5.998,-0.003,-0.002
0,90,6.000,6.000,0.000,0.000
1,89,5.997,5.998,-0.003,-0.002
2,88,5.989,5.991,-0.011,-0.009
3,87,5.975,5.980,-0.025,-0.020
4,86,5.955,5.965,-0.045,-0.035
5,85,5.930,5.946,-0.070,-0.054
6,84,5.899,5.922,-0.101,-0.078
7,83,5.863,5.894,-0.137,-0.106
8,82,5.821,5.861,-0.179,-0.139
9,81,5.773,5.824,-0.227,-0.176
10,80,5.721,5.783,-0.279,-0.217
11,79,5.663,5.738,-0.337,-0.262
12,78,5.600,5.688,-0.400,-0.312
13,77,5.531,5.634,-0.469,-0.366
14,76,5.457,5.576,-0.543,-0.424
15,75,5.379,5.514,-0.621,-0.486
16,74,5.295,5.447,-0.705,-0.553
17,73,5.207,5.376,-0.793,-0.624
18,72,5.114,5.301,-0.886,-0.699
19,71,5.016,5.221,-0.984,-0.779
20,70,4.913,5.138,-1.087,-0.862
21,69,4.806,5.050,-1.194,-0.950
22,68,4.695,4.958,-1.305,-1.042
23,67,4.580,4.862,-1.420,-1.138
24,66,4.460,4.761,-1.540,-1.239
25,65,4.337,4.656,-1.663,-1.344
26,64,4.209,4.548,-1.791,-1.452
27,63,4.079,4.435,-1.921,-1.565
28,62,3.944,4.317,-2.056,-1.683
29,61,3.806,4.196,-2.194,-1.804
30,60,3.665,4.070,-2.335,-1.930
31,59,3.521,3.940,-2.479,-2.060
32,58,3.374,3.806,-2.626,-2.194
33,57,3.224,3.668,-2.776,-2.332
34,56,3.071,3.525,-2.929,-2.475
35,55,2.916,3.378,-3.084,-2.622
36,54,2.759,3.226,-3.241,-2.774
37,53,2.599,3.070,-3.401,-2.930
38,52,2.438,2.910,-3.562,-3.090
39,51,2.275,2.745,-3.725,-3.255
40,50,2.110,2.575,-3.890,-3.425
41,49,1.944,2.401,-4.056,-3.599
42,48,1.777,2.222,-4.223,-3.778
43,47,1.609,2.038,-4.391,-3.962
44,46,1.440,1.850,-4.560,-4.150
45,45,1.270,1.656,-4.730,-4.344
46,44,1.099,1.457,-4.901,-4.543
47,43,0.929,1.252,-5.071,-4.748
48,42,0.758,1.043,-5.242,-4.957
49,41,0.587,0.827,-5.413,-5.173
50,40,0.417,0.606,-5.583,-5.394
51,39,0.247,0.379,-5.753,-5.621
52,38,0.077,0.145,-5.923,-5.855
53,37,-0.091,-0.095,-6.091,-6.095
54,36,-0.259,-0.342,-6.259,-6.342
55,35,-0.425,-0.596,-6.425,-6.596
56,34,-0.590,-0.857,-6.590,-6.857
57,33,-0.753,-1.126,-6.753,-7.126
58,32,-0.914,-1.404,-6.914,-7.404
59,31,-1.074,-1.690,-7.074,-7.690
60,30,-1.231,-1.985,-7.231,-7.985
61,29,-1.386,-2.290,-7.386,-8.290
62,28,-1.539,-2.605,-7.539,-8.605
63,27,-1.688,-2.932,-7.688,-8.932
64,26,-1.835,-3.270,-7.835,-9.270
65,25,-1.979,-3.622,-7.979,-9.622
66,24,-2.119,-3.987,-8.119,-9.987
67,23,-2.256,-4.367,-8.256,-10.367
68,22,-2.390,-4.763,-8.390,-10.763
69,21,-2.519,-5.177,-8.519,-11.177
70,20,-2.645,-5.610,-8.645,-11.610
71,19,-2.767,-6.065,-8.767,-12.065
72,18,-2.885,-6.544,-8.885,-12.544
73,17,-2.999,-7.049,-8.999,-13.049
74,16,-3.108,-7.584,-9.108,-13.584
75,15,-3.213,-8.153,-9.213,-14.153
76,14,-3.314,-8.760,-9.314,-14.760
77,13,-3.410,-9.411,-9.410,-15.411
78,12,-3.501,-10.113,-9.501,-16.113
79,11,-3.588,-10.875,-9.588,-16.875
80,10,-3.670,-11.709,-9.670,-17.709
81,9,-3.748,-12.629,-9.748,-18.629
82,8,-3.821,-13.657,-9.821,-19.657
83,7,-3.889,-14.821,-9.889,-20.821
84,6,-3.953,-16.164,-9.953,-22.164
85,5,-4.013,-17.751,-10.013,-23.751
86,4,-4.068,-19.692,-10.068,-25.692
87,3,-4.119,-22.192,-10.119,-28.192
88,2,-4.166,-25.716,-10.166,-31.716
89,1,-4.208,-31.737,-10.208,-37.737
90,0,-3.884,-34.000,-9.884,-40.000
91,-1,-5.404,-34.000,-11.404,-40.000
92,-2,-5.516,-34.000,-11.516,-40.000
93,-3,-5.625,-34.000,-11.625,-40.000
94,-4,-5.731,-34.000,-11.731,-40.000
95,-5,-5.835,-34.000,-11.835,-40.000
96,-6,-5.936,-34.000,-11.936,-40.000
97,-7,-6.036,-34.000,-12.036,-40.000
98,-8,-6.134,-34.000,-12.134,-40.000
99,-9,-6.230,-33.416,-12.230,-39.416
100,-10,-6.324,-32.490,-12.324,-38.490
101,-11,-6.417,-31.650,-12.417,-37.650
102,-12,-6.509,-30.881,-12.509,-36.881
103,-13,-6.601,-30.171,-12.601,-36.171
104,-14,-6.691,-29.511,-12.691,-35.511
105,-15,-6.782,-28.894,-12.782,-34.894
106,-16,-6.873,-28.314,-12.873,-34.314
107,-17,-6.965,-27.766,-12.965,-33.766
108,-18,-7.057,-27.247,-13.057,-33.247
109,-19,-7.151,-26.753,-13.151,-32.753
110,-20,-7.247,-26.281,-13.247,-32.281
111,-21,-7.345,-25.829,-13.345,-31.829
112,-22,-7.445,-25.394,-13.445,-31.394
113,-23,-7.549,-24.976,-13.549,-30.976
114,-24,-7.657,-24.571,-13.657,-30.571
115,-25,-7.769,-24.180,-13.769,-30.180
116,-26,-7.885,-23.800,-13.885,-29.800
117,-27,-8.008,-23.430,-14.008,-29.430
118,-28,-8.136,-23.070,-14.136,-29.070
119,-29,-8.271,-22.718,-14.271,-28.718
120,-30,-8.414,-22.374,-14.414,-28.374
121,-31,-8.564,-22.038,-14.564,-28.038
122,-32,-8.724,-21.707,-14.724,-27.707
123,-33,-8.894,-21.382,-14.894,-27.382
124,-34,-9.074,-21.062,-15.074,-27.062
125,-35,-9.267,-20.747,-15.267,-26.747
126,-36,-9.472,-20.437,-15.472,-26.437
127,-37,-9.690,-20.130,-15.690,-26.130
128,-38,-9.924,-19.827,-15.924,-25.827
129,-39,-10.175,-19.528,-16.175,-25.528
130,-40,-10.443,-19.232,-16.443,-25.232
131,-41,-10.730,-18.939,-16.730,-24.939
132,-42,-11.039,-18.648,-17.039,-24.648
133,-43,-11.370,-18.361,-17.370,-24.361
134,-44,-11.727,-18.077,-17.727,-24.077
135,-45,-12.112,-17.795,-18.112,-23.795
136,-46,-12.526,-17.516,-18.526,-23.516
137,-47,-12.975,-17.240,-18.975,-23.240
138,-48,-13.460,-16.967,-19.460,-22.967
139,-49,-13.987,-16.697,-19.987,-22.697
140,-50,-14.559,-16.430,-20.559,-22.430
141,-51,-15.182,-16.166,-21.182,-22.166
142,-52,-15.862,-15.906,-21.862,-21.906
143,-53,-16.606,-15.649,-22.606,-21.649
144,-54,-17.418,-15.396,-23.418,-21.396
145,-55,-18.306,-15.147,-24.306,-21.147
146,-56,-19.270,-14.902,-25.270,-20.902
147,-57,-20.305,-14.662,-26.305,-20.662
148,-58,-21.384,-14.426,-27.384,-20.426
149,-59,-22.444,-14.194,-28.444,-20.194
150,-60,-23.359,-13.968,-29.359,-19.968
151,-61,-23.941,-13.747,-29.941,-19.747
152,-62,-24.014,-13.532,-30.014,-19.532
153,-63,-23.552,-13.322,-29.552,-19.322
154,-64,-22.701,-13.117,-28.701,-19.117
155,-65,-21.659,-12.919,-27.659,-18.919
156,-66,-20.571,-12.727,-26.571,-18.727
157,-67,-19.516,-12.542,-25.516,-18.542
158,-68,-18.529,-12.363,-24.529,-18.363
159,-69,-17.621,-12.190,-23.621,-18.190
160,-70,-16.792,-12.025,-22.792,-18.025
161,-71,-16.037,-11.867,-22.037,-17.867
162,-72,-15.352,-11.716,-21.352,-17.716
163,-73,-14.729,-11.572,-20.729,-17.572
164,-74,-14.163,-11.436,-20.163,-17.436
165,-75,-13.650,-11.308,-19.650,-17.308
166,-76,-13.184,-11.187,-19.184,-17.187
167,-77,-12.763,-11.074,-18.763,-17.074
168,-78,-12.383,-10.969,-18.383,-16.969
169,-79,-12.042,-10.872,-18.042,-16.872
170,-80,-11.736,-10.783,-17.736,-16.783
171,-81,-11.465,-10.703,-17.465,-16.703
172,-82,-11.226,-10.631,-17.226,-16.631
173,-83,-11.018,-10.567,-17.018,-16.567
174,-84,-10.840,-10.511,-16.840,-16.511
175,-85,-10.691,-10.464,-16.691,-16.464
176,-86,-10.570,-10.426,-16.570,-16.426
177,-87,-10.476,-10.396,-16.476,-16.396
178,-88,-10.410,-10.374,-16.410,-16.374
179,-89,-10.370,-10.361,-16.370,-16.361
180,-90,-10.357,-10.357,-16.357,-16.357
