row,col,lat,lon,h_target,worst_azimuth,worst_angle_deg,best_azimuth,best_angle_deg
0,0,89.99804687930508,-179.99804688361021,-29.5,11,32.85456970677933,146,-0.11440312695722989
0,4221,89.99804687930508,-163.5097656328215,-41.5,21,37.53214528518427,180,0.36061715643426356
0,8442,89.99804687930508,-147.02148438203278,-29.0,36,34.19901592566797,173,-0.3498653788478435
0,12663,89.99804687930508,-130.53320313124408,-19.0,56,30.400509260033207,186,-0.4744824182482876
0,16884,89.99804687930508,-114.04492188045535,-46.0,76,39.31311322340733,181,0.29953204179411036
0,21105,89.99804687930508,-97.55664062966663,-36.5,82,37.37973997190084,212,0.049717101189219876
0,25326,89.99804687930508,-81.06835937887793,-6.5,97,26.476238407302617,240,-0.6914010657763309
0,29547,89.99804687930508,-64.58007812808918,22.0,128,14.210617066655383,260,-0.9671152764557535
0,33768,89.99804687930508,-48.091796877300474,37.0,143,7.690886141578284,101,-1.5387508480604257
0,37989,89.99804687930508,-31.60351562651177,35.0,174,9.110965561802413,118,-1.503658784437896
0,42210,89.99804687930508,-15.115234375723041,43.0,192,4.34310290512275,145,-1.500690112437166
0,46431,89.99804687930508,1.3730468750656868,27.5,223,12.608807654448128,152,-1.3341041330118644
0,50652,89.99804687930508,17.86132812585438,17.0,256,15.790068198055893,340,-0.899375287130587
0,54873,89.99804687930508,34.34960937664311,11.0,277,19.306530159211473,356,-0.8576369567557599
0,59094,89.99804687930508,50.83789062743183,7.5,286,19.736225733732084,3,-0.8323803865214281
0,63315,89.99804687930508,67.32617187822056,0.0,319,23.293095696619716,29,-0.7622421086518086
0,67536,89.99804687930508,83.81445312900925,-18.5,331,30.400509260033207,43,-0.531079227057369
0,71757,89.99804687930508,100.30273437979801,-5.5,340,25.499184323694315,61,-0.6796077514458176
0,75978,89.99804687930508,116.79101563058667,-30.0,335,33.36363866965987,80,-0.1548783637297526
0,80199,89.99804687930508,133.27929688137542,-26.5,348,33.6997456375765,93,-0.4213689431070536
0,84420,89.99804687930508,149.76757813216415,-51.5,359,40.311972050572194,163,0.8902422265789662
0,88641,89.99804687930508,166.25585938295285,-63.0,7,44.40014243256069,178,1.2279792398074671
4221,0,73.50976562851635,-179.99804688361021,1247.5,84,9.816904960448051,259,-0.17034674462572616
4221,4221,73.50976562851635,-163.5097656328215,-429.0,225,9.317711813894922,43,-0.049301779466955416
4221,8442,73.50976562851635,-147.02148438203278,-1575.5,124,12.675113647363597,302,3.4786719246542774
4221,12663,73.50976562851635,-130.53320313124408,691.0,199,4.2035250440871845,351,-1.3566557805026795
4221,16884,73.50976562851635,-114.04492188045535,-295.5,123,7.504025815952829,37,0.812487566970743
4221,21105,73.50976562851635,-97.55664062966663,-343.0,226,28.568149234987846,341,4.402339003591967
4221,25326,73.50976562851635,-81.06835937887793,-920.5,120,18.874564837108476,332,-0.7709617303032655
4221,29547,73.50976562851635,-64.58007812808918,1082.0,141,5.703946089461497,57,-1.878027897667685
4221,33768,73.50976562851635,-48.091796877300474,-61.5,46,15.34119138235815,139,-1.8640735012802785
4221,37989,73.50976562851635,-31.60351562651177,-40.5,222,9.077214353884827,0,0.1959975295902545
4221,42210,73.50976562851635,-15.115234375723041,-508.0,112,5.328689794241539,267,0.7235739858773567
4221,46431,73.50976562851635,1.3730468750656868,-1297.0,301,8.867393504418525,349,1.8241398866722318
4221,50652,73.50976562851635,17.86132812585438,-1302.0,26,1.9321556684460477,175,-0.36968727635757936
4221,54873,73.50976562851635,34.34960937664311,-1068.5,248,9.76948950726566,0,2.171749820628871
4221,59094,73.50976562851635,50.83789062743183,108.0,206,16.681840578121154,56,-2.4226296570089056
4221,63315,73.50976562851635,67.32617187822056,-2699.0,174,13.706497802938161,355,0.32328569085880154
4221,67536,73.50976562851635,83.81445312900925,-2663.5,301,11.684240740598153,113,1.19536630878843
4221,71757,73.50976562851635,100.30273437979801,-546.5,315,10.519847242351,60,-0.7568948226824752
4221,75978,73.50976562851635,116.79101563058667,-465.5,32,18.436845751817604,125,-3.2082956397531244
4221,80199,73.50976562851635,133.27929688137542,-603.5,220,21.743711885043144,52,-1.1347476005413388
4221,84420,73.50976562851635,149.76757813216415,-2740.0,175,12.757633211043686,292,0.9739896759830996
4221,88641,73.50976562851635,166.25585938295285,-3564.0,331,6.5209509243926504,238,2.438672329208225
8442,0,57.02148437772763,-179.99804688361021,-286.5,184,18.957367990670154,234,10.533143218801696
8442,4221,57.02148437772763,-163.5097656328215,-1395.0,196,3.8618710584755234,140,0.43840340528234645
8442,8442,57.02148437772763,-147.02148438203278,-559.0,155,4.719890593434513,30,0.9369569511195599
8442,12663,57.02148437772763,-130.53320313124408,2983.5,120,30.75902633637714,312,-0.815956654212148
8442,16884,57.02148437772763,-114.04492188045535,727.5,235,22.05770150046622,330,-0.12993595199862876
8442,21105,57.02148437772763,-97.55664062966663,-1528.5,301,4.102559458573423,191,0.3031519231442307
8442,25326,57.02148437772763,-81.06835937887793,-2974.0,310,6.135464130990314,59,1.0831152046064942
8442,29547,57.02148437772763,-64.58007812808918,-2243.5,325,2.80347207105954,156,-0.09273181819203867
8442,33768,57.02148437772763,-48.091796877300474,-2276.5,139,10.984833541760672,273,-0.27700928492500787
8442,37989,57.02148437772763,-31.60351562651177,-2548.0,29,1.5301328758167794,260,-0.04983858313015086
8442,42210,57.02148437772763,-15.115234375723041,-2601.0,159,1.645104224286925,22,-0.4744927507403028
8442,46431,57.02148437772763,1.3730468750656868,-2697.0,55,1.4488691245383016,91,-0.16709569678149708
8442,50652,57.02148437772763,17.86132812585438,-2981.5,235,33.86682011510873,65,2.672327730372136
8442,54873,57.02148437772763,34.34960937664311,-2476.0,301,5.303660838215453,161,-0.6924573735164714
8442,59094,57.02148437772763,50.83789062743183,-1445.0,235,21.8496504899121,41,-0.9831738999275819
8442,63315,57.02148437772763,67.32617187822056,-2893.0,235,10.98671573878638,85,-0.38590104625544197
8442,67536,57.02148437772763,83.81445312900925,-4411.0,120,4.102559458573423,314,-0.33185144444685255
8442,71757,57.02148437772763,100.30273437979801,-2180.5,301,21.43172850597227,107,-2.035477932164622
8442,75978,57.02148437772763,116.79101563058667,-1281.0,353,8.74430839547105,222,-0.9535657520682479
8442,80199,57.02148437772763,133.27929688137542,34.0,120,30.93729082680571,257,-0.7576654416970456
8442,84420,57.02148437772763,149.76757813216415,439.0,55,5.644034996180128,163,-0.07409393296236956
8442,88641,57.02148437772763,166.25585938295285,936.5,206,8.227686458657484,12,0.9045169298711735
12663,0,40.53320312693891,-179.99804688361021,2420.0,23,3.380092910684293,216,-0.26629995587828337
12663,4221,40.53320312693891,-163.5097656328215,2565.5,139,29.58267233148665,336,-0.5351175375830036
12663,8442,40.53320312693891,-147.02148438203278,4216.5,120,7.928275431623314,270,-1.6944453172667906
12663,12663,40.53320312693891,-130.53320313124408,3331.5,23,5.303660838215453,250,-1.1567203374966517
12663,16884,40.53320312693891,-114.04492188045535,3927.5,120,10.753462112801339,293,-3.9051395185641895
12663,21105,40.53320312693891,-97.55664062966663,103.0,301,14.890376736044576,165,-1.377523248329483
12663,25326,40.53320312693891,-81.06835937887793,-2293.5,252,20.374731464343423,31,1.1992906433682842
12663,29547,40.53320312693891,-64.58007812808918,-2180.0,35,3.1233587798773668,155,-0.1314183232950726
12663,33768,40.53320312693891,-48.091796877300474,-2582.0,60,2.6565487137360906,256,0.0554295914972696
12663,37989,40.53320312693891,-31.60351562651177,-2349.0,285,1.0593857838717904,236,-0.01757812444933376
12663,42210,40.53320312693891,-15.115234375723041,-2533.0,331,0.778542968164331,23,-0.0019531249993369026
12663,46431,40.53320312693891,1.3730468750656868,-2760.0,279,1.9218015956897505,186,0.038605407810633104
12663,50652,40.53320312693891,17.86132812585438,-1630.5,276,13.198843003654243,135,0.17053096620955122
12663,54873,40.53320312693891,34.34960937664311,-1959.5,102,3.834163971895718,186,-0.3669194993273376
12663,59094,40.53320312693891,50.83789062743183,-1753.5,203,5.543355078209587,68,1.9243520136893317
12663,63315,40.53320312693891,67.32617187822056,-1606.0,285,18.872816089493092,83,1.1970084328948312
12663,67536,40.53320312693891,83.81445312900925,200.5,120,6.500106222329226,256,-0.4856518804227039
12663,71757,40.53320312693891,100.30273437979801,-2654.5,170,12.752979429968931,345,-1.3362700797449334
12663,75978,40.53320312693891,116.79101563058667,-139.0,244,5.278486127638532,76,1.2051919379289164
12663,80199,40.53320312693891,133.27929688137542,1077.5,105,6.840652165557476,272,-1.211048708198091
12663,84420,40.53320312693891,149.76757813216415,2675.0,191,30.50247933597548,46,-0.6112607012925843
12663,88641,40.53320312693891,166.25585938295285,1461.5,316,11.060432938757794,212,-0.41195895062270715
16884,0,24.044921876150188,-179.99804688361021,1100.0,208,13.068631434191454,337,0.810429771394059
16884,4221,24.044921876150188,-163.5097656328215,3075.5,61,7.595272705946697,300,3.539797019981377
16884,8442,24.044921876150188,-147.02148438203278,4139.5,208,19.736225733732084,8,3.4266955237107153
16884,12663,24.044921876150188,-130.53320313124408,4088.0,326,5.397213697045915,126,-1.2672059682412034
16884,16884,24.044921876150188,-114.04492188045535,2475.0,120,17.124655610243295,355,-1.8371282756279477
16884,21105,24.044921876150188,-97.55664062966663,307.5,90,7.364803824903217,250,0.6239784101571187
16884,25326,24.044921876150188,-81.06835937887793,-1354.0,181,2.412361242016265,42,0.4758869430179735
16884,29547,24.044921876150188,-64.58007812808918,-2266.5,199,0.3315290898771434,82,-0.12483364910520095
16884,33768,24.044921876150188,-48.091796877300474,157.5,301,30.039340362751044,91,-1.8462373733279922
16884,37989,24.044921876150188,-31.60351562651177,-1404.5,208,0.8156932993739627,40,-0.05543730088790159
16884,42210,24.044921876150188,-15.115234375723041,-2209.0,208,2.3197611824565896,79,-0.1645192439207136
16884,46431,24.044921876150188,1.3730468750656868,-1879.5,160,14.953297572718064,236,0.908217606530583
16884,50652,24.044921876150188,17.86132812585438,-2619.5,153,1.2071441974902015,145,-0.10650757962658455
16884,54873,24.044921876150188,34.34960937664311,-2068.5,149,6.865947215764776,41,0.026073548911028976
16884,59094,24.044921876150188,50.83789062743183,-2108.0,10,19.354373182631168,159,-0.867809586152468
16884,63315,24.044921876150188,67.32617187822056,-959.0,28,17.784931177056027,293,-2.1475120579809213
16884,67536,24.044921876150188,83.81445312900925,-962.5,26,7.119263228633186,237,-0.49283891139362923
16884,71757,24.044921876150188,100.30273437979801,-353.5,28,13.068631434191454,320,1.8016012065836633
16884,75978,24.044921876150188,116.79101563058667,785.0,208,6.977153649191311,24,-1.586930346120717
16884,80199,24.044921876150188,133.27929688137542,1711.0,28,10.98671573878638,246,0.26743210921118926
16884,84420,24.044921876150188,149.76757813216415,-1945.5,301,7.928275431623314,195,-0.06790389491420791
16884,88641,24.044921876150188,166.25585938295285,3156.0,191,6.494189707311118,120,0.891465376769391
21105,0,7.55664062536147,-179.99804688361021,5084.5,291,8.55975770686564,141,-1.4264752330903077
21105,4221,7.55664062536147,-163.5097656328215,7469.0,120,23.699914633887627,27,-3.142016770517485
21105,8442,7.55664062536147,-147.02148438203278,5976.5,254,5.971704589680887,104,-1.2652722007467732
21105,12663,7.55664062536147,-130.53320313124408,2181.0,0,5.421596076031998,91,0.2945038979338272
21105,16884,7.55664062536147,-114.04492188045535,2069.5,30,19.950212903957993,179,0.579693904844308
21105,21105,7.55664062536147,-97.55664062966663,1986.5,239,17.58758525315616,49,1.1951985310636766
21105,25326,7.55664062536147,-81.06835937887793,-815.5,195,13.18147106079419,358,-1.0341369076531486
21105,29547,7.55664062536147,-64.58007812808918,-1604.5,206,4.035796051779939,120,-0.06827626599913443
21105,33768,7.55664062536147,-48.091796877300474,-1401.5,258,1.2076931470527188,0,-0.0019531249993369026
21105,37989,7.55664062536147,-31.60351562651177,-1013.0,210,1.6905424748215012,150,-0.03878576900943463
21105,42210,7.55664062536147,-15.115234375723041,-956.5,22,1.5638577887330205,289,-0.39672759379233935
21105,46431,7.55664062536147,1.3730468750656868,-1307.5,162,23.51396346594003,347,6.554297811150018
21105,50652,7.55664062536147,17.86132812585438,-916.5,210,8.165391089803649,30,-0.643818380836159
21105,54873,7.55664062536147,34.34960937664311,-747.5,184,1.2128641619047444,324,-0.3400477233916171
21105,59094,7.55664062536147,50.83789062743183,-2427.5,333,10.856501220118352,66,2.935857651426555
21105,63315,7.55664062536147,67.32617187822056,-736.5,30,8.08255441931778,245,0.40723532427295256
21105,67536,7.55664062536147,83.81445312900925,-4313.0,178,8.837878366636913,15,0.884204981914829
21105,71757,7.55664062536147,100.30273437979801,816.5,301,9.110965561802413,54,-1.5086286771753197
21105,75978,7.55664062536147,116.79101563058667,1239.5,210,12.838929805514612,13,0.9065878917364993
21105,80199,7.55664062536147,133.27929688137542,3528.0,30,8.638771027495324,234,-0.8615517674590902
21105,84420,7.55664062536147,149.76757813216415,2346.5,0,2.4151673321002156,287,-0.6085213518748623
21105,88641,7.55664062536147,166.25585938295285,1934.5,301,16.45965788027016,163,-1.5906013042379428
25326,0,-8.931640625427242,-179.99804688361021,2949.0,30,20.588688548975227,299,0.30274365395465247
25326,4221,-8.931640625427242,-163.5097656328215,7203.5,300,10.753462112801339,189,-2.571417069885524
25326,8442,-8.931640625427242,-147.02148438203278,5721.0,339,13.352240944391438,174,-1.1331786413675404
25326,12663,-8.931640625427242,-130.53320313124408,4900.0,30,26.476238407302617,175,-1.2168955509644204
25326,16884,-8.931640625427242,-114.04492188045535,3658.0,255,19.626059190743497,133,-1.1488466463789395
25326,21105,-8.931640625427242,-97.55664062966663,2384.0,121,18.440361227305228,328,-1.0259358123074591
25326,25326,-8.931640625427242,-81.06835937887793,340.0,226,14.243923157570942,122,-0.1968873334898446
25326,29547,-8.931640625427242,-64.58007812808918,-486.5,30,6.022151994849398,226,-0.5681212194022377
25326,33768,-8.931640625427242,-48.091796877300474,-1954.0,30,0.9653762845771354,166,-0.24380684671908717
25326,37989,-8.931640625427242,-31.60351562651177,-1842.5,274,2.587065462975438,215,-0.2162524771794631
25326,42210,-8.931640625427242,-15.115234375723041,-1337.0,30,9.346599687499832,184,-0.09098903696348573
25326,46431,-8.931640625427242,1.3730468750656868,2470.0,184,9.775637450904695,112,1.0777302892578704
25326,50652,-8.931640625427242,17.86132812585438,2123.5,21,13.319528429681107,238,-2.3929455347789497
25326,54873,-8.931640625427242,34.34960937664311,-991.0,121,23.49681910969433,246,-1.059618769982685
25326,59094,-8.931640625427242,50.83789062743183,-1687.5,328,4.00749129593291,102,-0.8219687865787797
25326,63315,-8.931640625427242,67.32617187822056,-2130.5,146,12.157337155603933,345,0.2814712298182501
25326,67536,-8.931640625427242,83.81445312900925,1014.5,18,5.88900162746351,129,-0.46241565371060334
25326,71757,-8.931640625427242,100.30273437979801,3328.5,210,4.823721607614189,53,-1.3859132159257481
25326,75978,-8.931640625427242,116.79101563058667,2524.0,30,4.34310290512275,233,-0.7860978884524833
25326,80199,-8.931640625427242,133.27929688137542,3722.5,220,8.10076187539283,120,-1.1345557297128777
25326,84420,-8.931640625427242,149.76757813216415,-873.0,42,20.010571394089595,286,3.09248960136453
25326,88641,-8.931640625427242,166.25585938295285,-1078.5,295,12.653955528559429,87,1.2613116723621367
29547,0,-25.41992187621597,-179.99804688361021,-4479.0,245,6.273305240720033,93,1.0823399523848332
29547,4221,-25.41992187621597,-163.5097656328215,-948.0,207,12.608807654448128,78,4.461376361307671
29547,8442,-25.41992187621597,-147.02148438203278,4921.0,300,19.736225733732084,204,-4.271835033278745
29547,12663,-25.41992187621597,-130.53320313124408,3116.0,27,19.52166357833413,293,0.7384319092048982
29547,16884,-25.41992187621597,-114.04492188045535,5166.0,27,10.519847242351,156,-2.6691754716538
29547,21105,-25.41992187621597,-97.55664062966663,1066.5,121,21.011399599504742,10,-3.115600925020768
29547,25326,-25.41992187621597,-81.06835937887793,1673.0,300,10.051561618623552,212,-0.6168374909588502
29547,29547,-25.41992187621597,-64.58007812808918,-766.5,111,8.176747276015703,320,0.14466201816694113
29547,33768,-25.41992187621597,-48.091796877300474,-648.0,85,11.293913261685617,268,-0.7956113013820924
29547,37989,-25.41992187621597,-31.60351562651177,-2251.0,27,1.3643954266071463,271,-0.13989938985811953
29547,42210,-25.41992187621597,-15.115234375723041,-2342.0,20,3.3742538690766697,124,-0.21272940467225637
29547,46431,-25.41992187621597,1.3730468750656868,-145.0,192,9.310465357701062,67,-0.8073503391275928
29547,50652,-25.41992187621597,17.86132812585438,1378.5,121,7.2153174801845195,26,0.2615324544728506
29547,54873,-25.41992187621597,34.34960937664311,-161.0,27,21.8496504899121,199,-0.2209948590372223
29547,59094,-25.41992187621597,50.83789062743183,588.0,27,5.303660838215453,167,-1.1228824880485258
29547,63315,-25.41992187621597,67.32617187822056,-597.0,229,5.004648038642279,183,1.035764819056721
29547,67536,-25.41992187621597,83.81445312900925,-2016.5,27,19.52166357833413,203,-2.160159009184663
29547,71757,-25.41992187621597,100.30273437979801,-1106.0,356,14.036039732511652,240,5.122826226587927
29547,75978,-25.41992187621597,116.79101563058667,-65.0,296,17.710352519900717,66,5.331201508947578
29547,80199,-25.41992187621597,133.27929688137542,1662.0,207,25.89195466097947,65,-1.9764423226417316
29547,84420,-25.41992187621597,149.76757813216415,3131.0,96,12.92343976190862,257,-2.47752241220818
29547,88641,-25.41992187621597,166.25585938295285,314.0,129,7.600774334900672,70,-1.7062515085505097
33768,0,-41.90820312700468,-179.99804688361021,-3227.5,121,18.003952144750453,335,-3.1619471586652654
33768,4221,-41.90820312700468,-163.5097656328215,-4054.0,105,7.688967988534155,9,0.55876336930814
33768,8442,-41.90820312700468,-147.02148438203278,-5353.5,61,6.261238468614476,232,0.3292763545357256
33768,12663,-41.90820312700468,-130.53320313124408,-356.0,20,6.904432486832583,120,2.018969486582422
33768,16884,-41.90820312700468,-114.04492188045535,1473.0,139,17.012361234711907,248,0.12420511115047655
33768,21105,-41.90820312700468,-97.55664062966663,2267.0,109,11.15697484904562,243,-1.8934108424843006
33768,25326,-41.90820312700468,-81.06835937887793,357.5,249,15.226849330093849,70,2.033828301825405
33768,29547,-41.90820312700468,-64.58007812808918,-245.5,220,1.7653538695822897,54,-0.1733977751330375
33768,33768,-41.90820312700468,-48.091796877300474,-863.5,249,21.639304352338712,64,1.8145111844343547
33768,37989,-41.90820312700468,-31.60351562651177,-265.5,280,12.349316445858607,130,-1.8896321987278686
33768,42210,-41.90820312700468,-15.115234375723041,-962.5,300,32.33959107810897,78,-0.016081556693836676
33768,46431,-41.90820312700468,1.3730468750656868,-1192.0,285,26.474673466841082,126,-0.16103035508006408
33768,50652,-41.90820312700468,17.86132812585438,-595.0,121,6.738747264233427,40,-0.7915823938693662
33768,54873,-41.90820312700468,34.34960937664311,165.5,0,6.738747264233427,266,-1.3527465179218008
33768,59094,-41.90820312700468,50.83789062743183,-2876.5,66,8.957524601416175,310,2.4311638855716495
33768,63315,-41.90820312700468,67.32617187822056,-2984.0,348,11.02736862575239,138,5.121516515418067
33768,67536,-41.90820312700468,83.81445312900925,-513.5,0,10.051561618623552,173,-1.2353642068511606
33768,71757,-41.90820312700468,100.30273437979801,-1194.5,285,6.259308567905402,99,-0.05987480661385174
33768,75978,-41.90820312700468,116.79101563058667,-868.0,239,10.4501828595468,5,-0.4148034915857626
33768,80199,-41.90820312700468,133.27929688137542,324.5,300,16.45965788027016,136,-2.1330902786895467
33768,84420,-41.90820312700468,149.76757813216415,-1738.0,202,10.051561618623552,261,4.243727641340353
33768,88641,-41.90820312700468,166.25585938295285,-2751.0,69,19.734495314271665,216,-1.2306552134160076
37989,0,-58.39648437779339,-179.99804688361021,-5386.5,273,13.81968174841956,126,1.9561058447409088
37989,4221,-58.39648437779339,-163.5097656328215,-4740.0,121,6.977153649191311,314,-0.4502273875613476
37989,8442,-58.39648437779339,-147.02148438203278,-4596.5,232,3.8618710584755234,302,-0.551969608498123
37989,12663,-58.39648437779339,-130.53320313124408,-4339.0,300,18.874564837108476,53,2.1600327371406483
37989,16884,-58.39648437779339,-114.04492188045535,1783.0,52,11.684240740598153,196,-2.9821050945028262
37989,21105,-58.39648437779339,-97.55664062966663,2001.0,330,2.572438375831831,59,-0.1828214680655026
37989,25326,-58.39648437779339,-81.06835937887793,1983.0,165,5.727236241134603,327,-0.5478558811791142
37989,29547,-58.39648437779339,-64.58007812808918,863.0,121,34.52861445588238,277,2.3548437052159312
37989,33768,-58.39648437779339,-48.091796877300474,-2021.0,92,4.902352385159196,255,-0.0019531249993369026
37989,37989,-58.39648437779339,-31.60351562651177,-106.0,232,16.236964909352732,32,-1.671386450882504
37989,42210,-58.39648437779339,-15.115234375723041,-2973.0,232,24.705900224393954,70,0.23504319413729627
37989,46431,-58.39648437779339,1.3730468750656868,-1882.0,175,12.028515548719454,351,-0.07022638620970655
37989,50652,-58.39648437779339,17.86132812585438,-464.0,121,27.816670935120094,345,-0.9334448262166757
37989,54873,-58.39648437779339,34.34960937664311,-1023.5,149,3.555355234517689,196,0.03388493145167229
37989,59094,-58.39648437779339,50.83789062743183,-1027.0,260,4.27715435072732,26,-0.19187521504125166
37989,63315,-58.39648437779339,67.32617187822056,-4211.0,119,9.906398371266965,216,1.9468419616122903
37989,67536,-58.39648437779339,83.81445312900925,-281.5,301,2.4333615636176353,349,-0.38091677762052967
37989,71757,-58.39648437779339,100.30273437979801,-1772.5,301,6.127275178249918,140,-0.9263339511814562
37989,75978,-58.39648437779339,116.79101563058667,-2720.5,232,9.110965561802413,62,0.44298277822364696
37989,80199,-58.39648437779339,133.27929688137542,-2109.0,52,5.543355078209587,106,-0.601821523849607
37989,84420,-58.39648437779339,149.76757813216415,-3238.0,270,6.10613219100818,160,-0.09570303600025303
37989,88641,-58.39648437779339,166.25585938295285,-4058.5,349,13.464037165168637,287,-2.026968850486992
42210,0,-74.88476562858212,-179.99804688361021,-3796.5,121,8.638771027495324,302,-0.9743863289493331
42210,4221,-74.88476562858212,-163.5097656328215,-3441.5,195,7.040070273628407,61,-0.9692814212512494
42210,8442,-74.88476562858212,-147.02148438203278,-1731.0,51,6.51113307577052,140,-0.5601607431520121
42210,12663,-74.88476562858212,-130.53320313124408,-6277.5,78,4.984451621242657,225,0.35766678825844833
42210,16884,-74.88476562858212,-114.04492188045535,-2797.0,121,14.43766785823724,11,-0.24782614945494666
42210,21105,-74.88476562858212,-97.55664062966663,-1619.5,210,6.770044021453098,133,2.1737001383463634
42210,25326,-74.88476562858212,-81.06835937887793,-701.0,246,13.297906328795719,115,-0.8653544638348114
42210,29547,-74.88476562858212,-64.58007812808918,-510.5,320,14.124280273180634,194,-1.0611853060191359
42210,33768,-74.88476562858212,-48.091796877300474,279.5,288,8.505879077859849,214,1.7310648617803017
42210,37989,-74.88476562858212,-31.60351562651177,-927.5,337,6.170833789499475,246,0.9912565988456634
42210,42210,-74.88476562858212,-15.115234375723041,3079.5,221,21.640991860702652,334,-2.408711549248167
42210,46431,-74.88476562858212,1.3730468750656868,1277.0,41,14.210617066655383,345,-1.331240633213702
42210,50652,-74.88476562858212,17.86132812585438,1850.0,75,6.078231941664058,115,1.9854963454994135
42210,54873,-74.88476562858212,34.34960937664311,2345.5,173,16.90350809570642,42,0.12523575083474087
42210,59094,-74.88476562858212,50.83789062743183,-774.0,323,12.27876402895995,85,0.7113446654489302
42210,63315,-74.88476562858212,67.32617187822056,1741.5,41,14.210617066655383,170,-0.416072469445453
42210,67536,-74.88476562858212,83.81445312900925,-2031.5,351,9.360182640052257,225,0.4122366433471501
42210,71757,-74.88476562858212,100.30273437979801,-76.0,206,10.981069075701265,344,-0.7524095033725587
42210,75978,-74.88476562858212,116.79101563058667,-3067.0,246,19.306530159211473,133,-1.8825135146730758
42210,80199,-74.88476562858212,133.27929688137542,-4592.0,201,9.04629368442423,0,0.35887184681424256
42210,84420,-74.88476562858212,149.76757813216415,-4537.5,122,8.583316334152041,337,-0.3192110669189823
42210,88641,-74.88476562858212,166.25585938295285,-3430.0,121,9.346599687499832,344,-0.36633195785330525
