row,col,lat,lon,h_target,x_km,y_km,worst_azimuth,worst_angle_deg,best_azimuth,best_angle_deg
44814,92159,-85.05638630507269,180.0,-4972.0,0.0,-150.0,314,21.379654854444052,146,6.20840062658384
44850,7926,-85.19550552537916,-149.03624346792648,-2153.0,-75.0,-125.0,268,8.168295617914229,358,-1.152841666646707
44943,5581,-85.5624357591747,-158.19859051364818,-1213.5,-50.0,-125.0,231,8.92019587449841,140,-1.7877084659556308
45004,2895,-85.79801225959118,-168.6900675259798,-2047.0,-25.0,-125.0,69,7.2153174801845195,252,-0.4668830365652578
45025,92159,-85.8795410081806,180.0,-2444.5,0.0,-125.0,13,9.110965561802413,110,0.3425699933688576
45004,89264,-85.79801225959118,168.6900675259798,-2861.0,25.0,-125.0,329,8.854615788750877,115,-0.08486730018124165
44943,86578,-85.5624357591747,158.19859051364818,-628.5,50.0,-125.0,10,5.303660838215453,263,-2.725011618590102
44850,84233,-85.19550552537916,149.03624346792648,-4341.0,75.0,-125.0,255,11.272603364089116,346,3.064030231168882
44886,11520,-85.33879510666145,-135.0,-2507.5,-100.0,-100.0,92,10.65218238981451,313,-0.08647770708893718
45025,9438,-85.8795410081806,-143.13010235415598,-1855.0,-75.0,-100.0,115,10.401017053805957,324,-0.9853657019465896
45136,6800,-86.3142317945572,-153.434948822922,-1903.0,-50.0,-100.0,217,18.981020775051793,20,-0.9288670006056712
45210,3593,-86.60171386159979,-165.96375653207352,-2445.5,-25.0,-100.0,146,9.093567329969867,296,-0.6580461683402044
45235,92159,-86.7031213464795,180.0,-2946.5,0.0,-100.0,78,6.500106222329226,331,0.34351929986430235
45210,88566,-86.60171386159979,165.96375653207352,-2736.0,25.0,-100.0,237,8.650790045737896,71,-0.21290845180042975
45136,85359,-86.3142317945572,153.434948822922,-306.5,50.0,-100.0,114,4.6377446484925215,355,-3.1290116121390263
45025,82721,-85.8795410081806,143.13010235415598,-1935.5,75.0,-100.0,115,14.322366312066164,296,-1.2266666381699618
44886,80639,-85.33879510666145,135.0,-3211.5,100.0,-100.0,168,4.166274730234513,19,-0.12299305827901003
44850,15113,-85.19550552537916,-120.96375653207352,2583.0,-125.0,-75.0,80,25.301828926879224,193,3.3347415817573327
45025,13601,-85.8795410081806,-126.86989764584402,-1051.0,-100.0,-75.0,80,15.34119138235815,279,-1.5016478456084887
45184,11520,-86.50325269949805,-135.0,-1631.0,-75.0,-75.0,78,5.956550928626987,347,-1.4547247383473143
45319,8624,-87.02808000958088,-146.30993247402023,-1680.0,-50.0,-75.0,256,7.928275431623314,0,-1.2130009593356423
45412,4719,-87.39331888279462,-161.565051177078,-788.0,-25.0,-75.0,13,10.051561618623552,303,-1.9837985948865768
45446,92159,-87.52704250998163,180.0,-2055.5,0.0,-75.0,134,10.919233440135375,356,-1.0209426899926368
45412,87440,-87.39331888279462,161.565051177078,-894.0,25.0,-75.0,312,6.7953332595360525,45,3.016493548514304
45319,83535,-87.02808000958088,146.30993247402023,-369.5,50.0,-75.0,314,4.637232310278888,93,-0.7717863456387486
45184,80639,-86.50325269949805,135.0,-554.0,75.0,-75.0,114,10.285878072991544,8,-2.8319601100815057
45025,78558,-85.8795410081806,126.86989764584402,-3041.5,100.0,-75.0,200,10.753462112801339,41,-0.8242728424601721
44850,77046,-85.19550552537916,120.96375653207352,-2998.0,125.0,-75.0,232,3.3752764339063575,80,-0.8903950900503473
44943,17458,-85.5624357591747,-111.80140948635182,915.0,-125.0,-50.0,285,17.779618303677946,133,-2.90955820886004
45136,16239,-86.3142317945572,-116.56505117707799,-860.0,-100.0,-50.0,15,14.684965624721317,124,-1.6505335493509108
45319,14415,-87.02808000958088,-123.69006752597979,-2375.5,-75.0,-50.0,29,10.23739237991505,322,2.3115686388732515
45483,11520,-87.66843310492295,-135.0,-1657.5,-50.0,-50.0,128,13.045279960390813,352,-0.9674949600465212
45608,6800,-88.15663913581275,-153.434948822922,-2916.0,-25.0,-50.0,291,16.887824951969293,103,4.34310290512275
45657,92159,-88.35121947756187,180.0,-661.0,0.0,-50.0,345,10.753462112801339,130,-0.3838946767207754
45608,85359,-88.15663913581275,153.434948822922,391.5,25.0,-50.0,295,9.110965561802413,113,-1.2616045723143832
45483,80639,-87.66843310492295,135.0,192.5,50.0,-50.0,47,9.906076484521574,283,-0.8424428730349505
45319,77744,-87.02808000958088,123.69006752597979,-108.0,75.0,-50.0,115,11.914111464130743,337,-2.7153839712965415
45136,75920,-86.3142317945572,116.56505117707799,-2010.5,100.0,-50.0,297,6.977153649191311,58,-2.121797808547781
44943,74701,-85.5624357591747,111.80140948635182,-2521.5,125.0,-50.0,240,6.261238468614476,89,-1.0921223347406228
45004,20144,-85.79801225959118,-101.30993247402021,-2159.5,-125.0,-25.0,259,10.270057636550208,20,-0.0993374235888875
45210,19446,-86.60171386159979,-104.03624346792648,-2237.0,-100.0,-25.0,318,8.984779954676462,237,0.23990066632179569
45412,18320,-87.39331888279462,-108.43494882292202,-3026.5,-75.0,-25.0,69,19.192174333598857,253,13.254779978425615
45608,16239,-88.15663913581275,-116.56505117707799,-1270.0,-50.0,-25.0,92,13.049873944267594,271,-0.2557209662813816
45781,11520,-88.83409588411895,-135.0,-2122.5,-25.0,-25.0,189,13.609373372133504,344,1.0714772521800453
45868,92159,-89.17556706945525,180.0,27.5,0.0,-25.0,240,7.2153174801845195,51,-1.4136419666441005
45781,80639,-88.83409588411895,135.0,1127.5,25.0,-25.0,114,19.856393640295984,106,-2.9793004777655647
45608,75920,-88.15663913581275,116.56505117707799,-1771.0,50.0,-25.0,165,9.58311686724228,256,3.2328877432003917
45412,73839,-87.39331888279462,108.43494882292202,-892.5,75.0,-25.0,181,22.26514208014742,9,0.28558952652337516
45210,72713,-86.60171386159979,104.03624346792648,-571.5,100.0,-25.0,209,6.008630266094757,19,-2.331928642326522
45004,72015,-85.79801225959118,101.30993247402021,-926.5,125.0,-25.0,320,20.160179264950845,89,-2.9392876947978026
44814,23040,-85.05638630507269,-90.0,-2424.0,-150.0,0.0,293,10.117789555460824,160,-0.7082872400226943
45025,23040,-85.8795410081806,-90.0,-2621.5,-125.0,0.0,178,5.116554159947745,18,0.33943975167949314
45235,23040,-86.7031213464795,-90.0,-2412.0,-100.0,0.0,201,7.460161891938621,141,1.2051919379289164
45446,23040,-87.52704250998163,-90.0,-272.5,-75.0,0.0,338,11.452111822902118,95,-1.800344184553266
45657,23040,-88.35121947756187,-90.0,-2307.5,-50.0,0.0,96,15.732179541159926,234,7.49208766439605
45868,23040,-89.17556706945525,-90.0,294.5,-25.0,0.0,247,26.282128443435415,121,-0.5711250085364096
46079,46080,-90.0,0.0,1274.0,0.0,0.0,181,19.950212903957993,1,-1.5745814750639788
45868,69119,-89.17556706945525,90.0,-539.5,25.0,0.0,134,13.607564063399845,274,-1.1312001485953413
45657,69119,-88.35121947756187,90.0,-811.5,50.0,0.0,276,5.687430708210291,88,0.5121926746071656
45446,69119,-87.52704250998163,90.0,-1945.0,75.0,0.0,95,27.24613894169708,267,3.0252437636360057
45235,69119,-86.7031213464795,90.0,133.0,100.0,0.0,1,22.678181100020375,210,-1.6566212660026214
45025,69119,-85.8795410081806,90.0,-1465.0,125.0,0.0,191,16.457072447462807,32,-1.0279667843287426
44814,69119,-85.05638630507269,90.0,-3773.5,150.0,0.0,60,14.890376736044576,302,2.2903945892111075
45004,25935,-85.79801225959118,-78.69006752597979,-2269.5,-125.0,25.0,52,10.519847242351,275,-0.3746595199312941
45210,26633,-86.60171386159979,-75.96375653207353,-2115.0,-100.0,25.0,185,12.838929805514612,308,-0.8500108754350665
45412,27759,-87.39331888279462,-71.56505117707799,-2151.0,-75.0,25.0,238,11.235043742763958,109,2.6565487137360906
45608,29840,-88.15663913581275,-63.43494882292201,-602.0,-50.0,25.0,181,15.788259677479004,333,-2.27371864259648
45781,34560,-88.83409588411895,-45.0,-1061.0,-25.0,25.0,35,22.883774316421174,145,0.5688610158050293
45868,46080,-89.17556706945525,0.0,-363.0,0.0,25.0,167,4.324471475437039,97,-1.050443175314962
45781,57599,-88.83409588411895,45.0,-1603.0,25.0,25.0,158,16.159017752589428,321,0.17244171857309373
45608,62319,-88.15663913581275,63.43494882292201,-2779.5,50.0,25.0,73,17.784931177056027,264,1.6082192125644839
45412,64400,-87.39331888279462,71.56505117707799,-828.0,75.0,25.0,276,11.989214270374509,93,0.7352640791371335
45210,65526,-86.60171386159979,75.96375653207353,542.0,100.0,25.0,69,3.9311420051105244,188,-2.0237179268059955
45004,66224,-85.79801225959118,78.69006752597979,-1603.0,125.0,25.0,210,20.055266308190678,57,-1.2030607267477038
44943,28621,-85.5624357591747,-68.19859051364818,-1392.5,-125.0,50.0,200,12.508889746409778,330,-0.022101581724868414
45136,29840,-86.3142317945572,-63.43494882292201,-1517.5,-100.0,50.0,60,8.638771027495324,142,1.7264488281532486
45319,31664,-87.02808000958088,-56.309932474020215,-1124.0,-75.0,50.0,289,9.470726365813048,152,-0.35488397742091915
45483,34560,-87.66843310492295,-45.0,-3278.0,-50.0,50.0,104,29.38258980600164,293,9.314891962698395
45608,39279,-88.15663913581275,-26.56505117707799,-972.0,-25.0,50.0,43,6.714144136144063,278,-1.5140281119011945
45657,46080,-88.35121947756187,0.0,-1056.5,0.0,50.0,97,17.068202532356192,298,0.6175782587597186
45608,52880,-88.15663913581275,26.56505117707799,-2246.5,25.0,50.0,276,20.376447823277726,100,1.0743436252977443
45483,57599,-87.66843310492295,45.0,-3559.5,50.0,50.0,346,15.557497924714202,170,3.28543780309588
45319,60495,-87.02808000958088,56.309932474020215,77.5,75.0,50.0,347,16.013766656799273,222,-0.08443005664086142
45136,62319,-86.3142317945572,63.43494882292201,-380.5,100.0,50.0,124,23.49681910969433,5,-0.04653645690725426
44943,63538,-85.5624357591747,68.19859051364818,-603.5,125.0,50.0,51,7.381109279816761,178,2.2719860744427316
44850,30966,-85.19550552537916,-59.03624346792648,-2496.0,-125.0,75.0,347,10.564936605010285,168,-0.11913955015527718
45025,32478,-85.8795410081806,-53.13010235415598,-3389.5,-100.0,75.0,74,12.838929805514612,177,2.2372043421117183
45184,34560,-86.50325269949805,-45.0,-3109.0,-75.0,75.0,206,17.784931177056027,347,0.19560151547592625
45319,37455,-87.02808000958088,-33.690067525979785,156.0,-50.0,75.0,213,9.581915245891475,349,0.528673975364035
45412,41360,-87.39331888279462,-18.43494882292201,-1077.5,-25.0,75.0,322,21.43172850597227,122,-0.765461660599546
45446,46080,-87.52704250998163,0.0,-3426.5,0.0,75.0,21,10.77830189630693,199,3.184985073828416
45412,50799,-87.39331888279462,18.43494882292201,-1565.0,25.0,75.0,320,7.04569755834247,92,1.7349444660010176
45319,54704,-87.02808000958088,33.690067525979785,-988.0,50.0,75.0,152,18.440361227305228,239,0.21122613803359988
45184,57599,-86.50325269949805,45.0,1946.0,75.0,75.0,239,34.03324320773937,72,-2.2502014876697265
45025,59681,-85.8795410081806,53.13010235415598,451.5,100.0,75.0,223,11.232084493956783,120,-0.2775953000684979
44850,61193,-85.19550552537916,59.03624346792648,-245.5,125.0,75.0,213,9.778973681099908,103,0.18421021085284675
44886,34560,-85.33879510666145,-45.0,-3696.0,-100.0,100.0,244,18.003952144750453,356,3.0684266765725066
45025,36641,-85.8795410081806,-36.86989764584402,-3122.0,-75.0,100.0,118,13.4105337787381,268,0.3217082771637422
45136,39279,-86.3142317945572,-26.56505117707799,819.5,-50.0,100.0,132,26.282128443435415,267,-2.9933706644263327
45210,42486,-86.60171386159979,-14.036243467926479,903.0,-25.0,100.0,329,13.526748355365502,120,-0.7662386780612083
45235,46080,-86.7031213464795,0.0,531.0,0.0,100.0,0,16.91693109702906,141,-2.2926305011872805
45210,49673,-86.60171386159979,14.036243467926479,433.5,25.0,100.0,273,23.293095696619716,151,-2.149550746265615
45136,52880,-86.3142317945572,26.56505117707799,-16.0,50.0,100.0,8,13.374787126342923,211,-1.7515263363694145
45025,55518,-85.8795410081806,36.86989764584402,3369.5,75.0,100.0,74,24.905185254276557,207,-3.8475856782587905
44886,57599,-85.33879510666145,45.0,12.5,100.0,100.0,15,22.882116511959744,150,4.312187214917396
44850,38153,-85.19550552537916,-30.96375653207352,-1960.0,-75.0,125.0,80,21.43172850597227,248,-1.0816130252564473
44943,40498,-85.5624357591747,-21.80140948635181,1126.0,-50.0,125.0,91,14.890376736044576,251,-3.071147683994228
45004,43184,-85.79801225959118,-11.309932474020213,2007.0,-25.0,125.0,57,20.376447823277726,172,-2.7935550706100245
45025,46080,-85.8795410081806,0.0,4256.0,0.0,125.0,147,23.293095696619716,328,-4.62442719424728
45004,48975,-85.79801225959118,11.309932474020213,-299.0,25.0,125.0,242,17.46453178458956,329,-1.1099293576672706
44943,51661,-85.5624357591747,21.80140948635181,1809.5,50.0,125.0,91,30.039340362751044,297,-3.341170541687587
44850,54006,-85.19550552537916,30.96375653207352,5770.5,75.0,125.0,129,10.9735398556514,269,-4.122867404239124
44814,46080,-85.05638630507269,0.0,-829.5,0.0,150.0,159,11.882520997653245,39,1.1758067555306428
